seed,steps,episode_return,terminated,truncated,success,termination_reason,ik_failures,smoke_passed,error
0,100,-7.188631187574758,False,True,False,time_limit,0,True,
1,100,6.073134398531237,False,True,False,time_limit,0,True,
2,100,6.467401939534511,False,True,False,time_limit,0,True,
3,100,4.9203321465677075,False,True,False,time_limit,0,True,
4,100,-7.664257064915969,False,True,False,time_limit,0,True,
5,100,-6.91905191342748,False,True,False,time_limit,13,True,
6,100,-1.9087351771547385,False,True,False,time_limit,0,True,
7,100,-8.315964721442729,False,True,False,time_limit,0,True,
8,100,0.10419322174005036,False,True,False,time_limit,0,True,
9,100,-6.886152669577275,False,True,False,time_limit,4,True,
10,100,-1.5800705711206822,False,True,False,time_limit,4,True,
11,100,0.15228834007200687,False,True,False,time_limit,2,True,
12,100,-6.081335341973835,False,True,False,time_limit,0,True,
13,100,-4.862898860330101,False,True,False,time_limit,0,True,
14,100,-6.917086563598077,False,True,False,time_limit,0,True,
15,100,-6.354940251881421,False,True,False,time_limit,0,True,
16,100,-4.669125594279511,False,True,False,time_limit,0,True,
17,100,-0.3709838970193569,False,True,False,time_limit,0,True,
18,100,6.414543714053621,False,True,False,time_limit,0,True,
19,100,-1.4621402799396817,False,True,False,time_limit,0,True,
20,100,9.419489933042787,False,True,False,time_limit,0,True,
21,100,-11.472844445734626,False,True,False,time_limit,0,True,
22,100,7.37594747800499,False,True,False,time_limit,8,True,
23,100,-7.483021443652227,False,True,False,time_limit,0,True,
24,100,-1.6529788752973074,False,True,False,time_limit,0,True,
25,100,-1.5948335393690287,False,True,False,time_limit,0,True,
26,100,6.962220293276911,False,True,False,time_limit,0,True,
27,100,-2.176496069131039,False,True,False,time_limit,0,True,
28,100,-17.614554733488394,False,True,False,time_limit,0,True,
29,100,-3.4786796214862914,False,True,False,time_limit,0,True,
30,100,-1.6127677782878183,False,True,False,time_limit,9,True,
31,100,-5.83083362589738,False,True,False,time_limit,0,True,
32,100,-7.196648930724494,False,True,False,time_limit,0,True,
33,100,1.8163347504870604,False,True,False,time_limit,9,True,
34,100,4.541663877130421,False,True,False,time_limit,0,True,
35,100,0.5880109410292189,False,True,False,time_limit,0,True,
36,100,-0.5178421411273004,False,True,False,time_limit,4,True,
37,100,5.736963023406649,False,True,False,time_limit,0,True,
38,100,1.5435660568274732,False,True,False,time_limit,0,True,
39,100,1.3325650522507861,False,True,False,time_limit,0,True,
40,100,-1.0381645715758219,False,True,False,time_limit,0,True,
41,100,-8.429557533184846,False,True,False,time_limit,0,True,
42,100,6.792739718054095,False,True,False,time_limit,0,True,
43,100,15.314965802866054,False,True,False,time_limit,0,True,
44,100,0.5383905360876237,False,True,False,time_limit,0,True,
45,100,-1.321450755763494,False,True,False,time_limit,0,True,
46,100,11.800404886143241,False,True,False,time_limit,0,True,
47,100,2.609185749031823,False,True,False,time_limit,0,True,
48,100,3.163618536419838,False,True,False,time_limit,7,True,
49,100,7.729255744880575,False,True,False,time_limit,0,True,
50,100,1.98379642977177,False,True,False,time_limit,0,True,
51,100,5.8928316729637125,False,True,False,time_limit,0,True,
52,100,-0.8583584415619755,False,True,False,time_limit,5,True,
53,100,11.534229823075876,False,True,False,time_limit,0,True,
54,100,1.8206806357162266,False,True,False,time_limit,0,True,
55,100,9.110986598463311,False,True,False,time_limit,0,True,
56,100,0.17860844086976568,False,True,False,time_limit,2,True,
57,100,-7.9167580558401855,False,True,False,time_limit,0,True,
58,100,1.0335393264590336,False,True,False,time_limit,0,True,
59,100,6.728952005579131,False,True,False,time_limit,0,True,
60,100,5.436319290539003,False,True,False,time_limit,0,True,
61,100,0.9380646470488309,False,True,False,time_limit,0,True,
62,100,-3.9000753502541357,False,True,False,time_limit,0,True,
63,100,-6.486613215958931,False,True,False,time_limit,0,True,
64,100,-1.0573283661271542,False,True,False,time_limit,0,True,
65,100,8.079654584194468,False,True,False,time_limit,0,True,
66,100,-10.6345372688309,False,True,False,time_limit,0,True,
67,100,3.2376652752238937,False,True,False,time_limit,5,True,
68,100,-1.4060920401805208,False,True,False,time_limit,0,True,
69,100,2.134839484345788,False,True,False,time_limit,0,True,
70,100,-5.410110774469204,False,True,False,time_limit,0,True,
71,100,4.620980663920722,False,True,False,time_limit,0,True,
72,100,1.155786613879181,False,True,False,time_limit,0,True,
73,100,9.636373621634165,False,True,False,time_limit,0,True,
74,100,-8.827158030619916,False,True,False,time_limit,0,True,
75,100,-1.0303351975406432,False,True,False,time_limit,0,True,
76,100,-5.4060238390373465,False,True,False,time_limit,0,True,
77,100,5.37258940314043,False,True,False,time_limit,0,True,
78,100,-0.45630798416797036,False,True,False,time_limit,0,True,
79,100,-9.044013244059855,False,True,False,time_limit,0,True,
80,100,-5.183201530690867,False,True,False,time_limit,0,True,
81,100,1.2271969706325012,False,True,False,time_limit,0,True,
82,100,-5.114224366770472,False,True,False,time_limit,0,True,
83,100,-10.360891453556661,False,True,False,time_limit,0,True,
84,100,5.242486204770326,False,True,False,time_limit,0,True,
85,100,0.3018951195586048,False,True,False,time_limit,0,True,
86,100,4.802471160060314,False,True,False,time_limit,0,True,
87,100,-8.858804569577957,False,True,False,time_limit,0,True,
88,100,5.875035030019593,False,True,False,time_limit,0,True,
89,100,5.909024429397019,False,True,False,time_limit,0,True,
90,100,-4.040919685946473,False,True,False,time_limit,0,True,
91,100,-1.9962984348555368,False,True,False,time_limit,0,True,
92,100,2.618279056663124,False,True,False,time_limit,2,True,
93,100,-3.5762623803892306,False,True,False,time_limit,0,True,
94,100,-1.7931587184292854,False,True,False,time_limit,0,True,
95,100,3.383751302191017,False,True,False,time_limit,0,True,
96,100,0.9658714772761327,False,True,False,time_limit,0,True,
97,100,-2.957594371656064,False,True,False,time_limit,1,True,
98,100,3.9567955868633273,False,True,False,time_limit,0,True,
99,100,-14.26837273741689,False,True,False,time_limit,1,True,
